time,r_heel_x,r_heel_y,l_heel_x,l_heel_y,r_toe_x,r_toe_y,l_toe_x,l_toe_y
0.0,-106.0,227.95833333333337,404.67708333333326,382.54166666666663,951.2395833333335,942.9062499999999,951.2395833333335,415.66666666666663
0.016666666666666666,69.63218434651708,241.92451858520485,56.718003590901844,259.14342625935865,30.889642079671376,181.65834172566724,30.889642079671376,229.01033782958962
0.03333333333333333,46.2546585711342,293.94066949002433,55.87093086230277,290.73524539296807,43.049234474077934,309.9677899753052,43.049234474077934,313.1732140723615
0.05,46.440128666593694,382.10744007952434,38.291574367131375,355.33361880986257,96.49553364900493,380.943360893887,94.16737527773,370.4666482231498
0.06666666666666667,46.91900401517745,382.28037518315244,43.412698606778406,355.3987003854267,96.00727973276344,377.605301305287,99.51358514116242,370.59269048848904
0.08333333333333333,46.7686277985249,381.3126314663079,51.37693121207013,360.5752661053544,94.00373778736355,376.7043280527627,104.37242046784036,372.09602463921755
0.1,47.89032665187071,380.34394268724,60.575536853951434,353.82032135561667,94.01836375034597,379.190741759778,106.7035739524267,372.2715361950068
0.11666666666666667,47.60610879633535,379.3926082307229,68.19395494395499,355.37345439183343,96.78818570453788,379.3926082307229,112.80095493046431,372.52999284818304
0.13333333333333333,49.39771606742818,379.5823521741,74.50842115673885,360.1786255141781,99.61912624604946,379.5823521741,120.16424859184912,372.73397805883343
0.15,49.93163065095882,378.61929956414076,83.06443022392403,361.48164461260706,97.91706451525329,378.61929956414076,125.33731243770717,374.04925824373174
0.16666666666666666,45.17030080159506,382.13690423965454,91.42463429768878,365.75516045093536,89.49737040201825,384.064168214798,139.60623168945312,374.4278483390808
0.18333333333333332,47.08568211300974,380.36926533862425,99.35789457360318,368.75321812515904,92.38826624552405,378.0460558959312,141.17566454207793,375.72284645323816
0.2,44.75566639265253,378.26896148943183,106.7778716071262,369.0804866428431,94.14371869306672,375.97184277778456,153.86880519589323,374.82328342196104
0.21666666666666667,44.63228599310122,379.5997873445926,115.26055448628131,370.48646237773056,94.7555733108419,377.3214561028771,160.82717932059103,375.0431248611615
0.23333333333333334,44.75284954208604,380.9208412262025,123.19216199146734,372.9632298182942,97.04572450834024,378.6472379668002,169.80102880921567,375.23683307769664
0.25,44.69179086080325,379.9638851668251,131.17308671404723,374.2743262291117,98.17364487530935,379.9638851668251,177.8274700032973,376.5501498041971
0.26666666666666666,47.279873432274826,381.27542851374636,138.67952628909688,374.42045454948465,100.97716948565778,381.27542851374636,184.3793527175079,375.56295021019497
0.2833333333333333,47.42212753065428,380.32483642104603,145.47285681072742,374.62421262569296,98.72774168883211,379.18471166197537,191.0778471735522,374.62421262569296
0.3,47.79038560102791,380.52385722249517,151.00981035258113,373.7181808652498,102.23579645899005,380.52385722249517,196.38098606754963,373.7181808652498
0.31666666666666665,48.756295396522404,380.66121136772597,155.31306587640168,374.9323527397754,104.89910995043724,379.5154396421359,202.2897066255957,372.6408092885953
0.3333333333333333,45.69035053253174,379.10877227783203,163.93346214294434,376.9782657623291,87.23522758483887,385.5002918243408,210.8046054840088,371.6519994735718
0.35,48.168182664667256,378.5319334776141,167.70684093120508,377.3713639798807,96.91210156946909,379.69250297534745,212.96905134280678,371.5685164912138
0.36666666666666664,47.31560609760675,378.8149922979841,173.9058007630925,376.534087889597,97.4955030821236,379.95544450217767,219.52388893083508,369.69137466443556
0.3833333333333333,48.585389368413615,379.03328197769304,178.66473852531814,376.77103242713815,92.6992556042334,381.2955315282478,225.04085431169287,367.72203422491873
0.4,48.49922947342179,380.3411449991076,182.10229741268472,375.8122274418444,93.7884050460533,382.6056037777392,228.52370237463208,367.8866217166339
0.4166666666666667,48.397505739225494,380.5445924675002,185.82129502104772,377.1653189605701,95.70733483624622,382.7974414721203,230.8782751134484,368.15392294209
0.43333333333333335,47.180879274816334,380.7194962720582,188.12144505457337,377.33692269334404,94.53690937681466,384.1020698507723,232.09490157785757,369.4442510096776
0.45,46.808432818761645,379.74585021509915,189.44881889869444,376.34965054652935,94.35522817873928,383.14204988366896,232.46734803391226,370.68931776557963
0.4666666666666667,47.001072074050825,378.8109832409017,190.47516879039645,376.5515486469435,94.44919854717298,384.4595697257972,234.5341433725812,372.0326794590271
0.48333333333333334,45.23395812831225,377.90743005122806,193.59209632290637,377.90743005122806,95.81059614919658,383.52705649799293,237.42518260767278,371.1638783151101
0.5,46.08771085739136,377.90156269073486,197.51941919326782,384.6820869445801,96.94164276123047,381.29182481765747,242.7229142189026,375.6413879394531
0.5166666666666666,45.991697574499995,374.68235871149227,194.17771550826728,380.3383135944605,94.63290956802666,383.7318865242414,241.6877365252003,375.8135496880859
0.5333333333333333,45.63032955866191,374.886448099115,194.63767609701648,379.4018222366409,97.55713214020972,383.9171963741668,242.0491045410384,377.14413516787795
0.55,44.70763225565676,373.9636129978268,195.65876137408762,379.59611781567867,96.5266765798942,385.22862263353056,242.97180184404354,377.3431158885379
0.5666666666666667,45.14024602902012,374.04942068841126,198.2945976130667,380.85628075881334,97.32617323543596,385.3941874724147,244.80814142748093,378.58732740201265
0.5833333333333334,44.52342972950902,372.0424826972763,196.8925661320945,381.0717648544665,98.6991226726505,385.5864059330617,245.4249577269921,378.81444431516894
0.6,45.55509575723485,371.0780513145198,198.0730301445885,381.24591360701004,98.65393217357277,385.7649635147835,245.52305417620963,378.9863886531233
0.6166666666666667,46.853798545976986,370.0569622789622,196.58318346021116,381.40009749973746,97.8979070394659,385.93735158804765,245.35866490954504,380.26578397765996
0.6333333333333333,46.49378693008322,368.00946544656955,198.17637332654715,381.5929806462528,98.56392852886938,384.98885944617365,246.8506361254124,380.4610210462793
0.65,50.6553136967342,365.9685666072617,198.63429741276695,381.78311448531105,99.22856789359992,385.1719461734644,248.33716217235042,380.6535039225932
0.6666666666666666,52.822335958480835,368.82058906555176,199.3254199028015,385.8558313846588,100.52101445198059,386.9915142059326,248.15978121757507,382.4487829208374
0.6833333333333333,56.13733200612478,361.8312598275952,197.66792187897954,380.2417430630885,96.41026408376638,384.84436387196183,245.99544037214946,381.39239826530684
0.7,59.19446219121778,361.2071923149663,197.56945883005926,381.62317542561505,98.89220712859037,385.0258392773899,245.20675275490635,382.75739670954
0.7166666666666667,62.50962264315854,359.0949267012507,196.47843542706505,380.6661762173034,99.97547706577643,385.2074919048935,243.02692122486314,384.07216298299596
0.7333333333333333,66.39901117637774,359.2512561719417,197.08933995437516,380.84357136135,101.62857806435969,385.3893219275411,242.5468456162873,383.11644664444555
0.75,69.41698003524894,356.0847125188691,196.43386292113374,379.90037805997247,101.17120075672008,384.43669530589693,242.9311146918595,383.3026159944159
0.7666666666666666,72.17022336370798,353.9682813037905,198.17595936347732,381.2127647632001,103.9554540663525,382.3479515740089,243.5834317958267,383.4831383848176
0.7833333333333333,76.31299007463787,350.81229013970744,197.52591525587195,380.2658981276709,106.89942913906145,382.53156028059107,243.9719893907373,383.6643913570513
0.8,81.66227041285896,345.1749620558484,197.67650766825778,379.2967965427304,110.0971324852606,381.57158550852256,243.17228698410048,383.8463744743146
0.8166666666666667,86.13742897886314,343.0423474004182,196.57243528935285,379.4745144306828,113.46155425156158,380.61301965037853,242.1126440771836,382.8900300897701
0.8333333333333334,92.88083124160767,339.50620698928833,198.33129167556763,381.9156312942505,116.95104503631592,378.4770293235779,249.91032123565674,380.7694306373596
0.85,96.59590934729204,341.2971455156803,197.46212682197802,379.8303072475828,124.9291165031027,378.6969789613504,243.92858655750751,384.36362039251253
0.8666666666666667,102.71839998537996,339.89916183252865,196.59290054971262,379.9675462197438,133.6282965126602,381.11235720223567,243.53015083187893,382.25716818472756
0.8833333333333333,107.47093073398628,339.4240205556155,196.89531399772437,379.04241820410715,139.1656488527795,381.3063266411637,243.30543695738595,383.5702350782204
0.9,112.87990874720549,339.42802771776604,198.11846569967906,379.2060209622537,145.8388174354953,381.47904914765303,241.30600122226565,381.47904914765303
0.9166666666666666,115.84855236971367,341.9650679049241,197.50775585640957,379.3922028363263,153.27568730111597,382.794669648272,241.73982441170313,381.66051404429015
0.9333333333333333,121.85797108876122,341.98278908623627,197.01377792733152,378.4219681594825,157.15842581596846,384.11558988967715,241.4240274228503,380.6994168515604
0.95,130.19198209544643,341.9959945077296,196.50404865768732,377.43865077375494,164.49132686901933,385.4418312209219,242.2365083557846,382.01189674356465
0.9666666666666667,133.4100578270099,344.300481734704,197.69341639922544,378.73799525553375,170.14340558256168,386.7734150770607,244.75801821102607,382.1817466076168
0.9833333333333333,141.82984491573916,344.3137937618219,200.60945097103718,378.89003261787957,175.25354247659487,385.8052803890911,246.71110277911413,382.34765650348527
1.0,148.57649612426758,352.0938301086426,203.02785110473633,383.857120513916,187.1462059020996,382.72271728515625,251.80718994140625,383.857120513916
1.0166666666666666,154.35597038641572,350.80945633584633,200.1918430328369,377.1650831075385,192.1705653197132,382.89456718834117,243.73592204693705,384.0404640045017
1.0333333333333332,159.92850912691904,353.1606989607051,200.19645907225743,371.56890465000265,200.19645907225743,379.6224946390703,239.31389616201483,381.9235203502325
1.05,169.40549362176245,360.42513712659036,195.65086592238714,367.2717559876229,208.2030005009468,379.8238905661825,241.29499166260405,380.96499370968786
1.0666666666666667,177.93479387605004,365.15670348139884,182.50366388422606,369.7255734895748,223.62349395781013,377.72109600388285,236.18788648029414,381.14774851001494
1.0833333333333333,187.21308018659892,366.5568680511653,184.94035737369398,372.2386750834276,231.53117503824518,377.92048211568994,240.62206628986496,382.4659277414998
1.1,194.41438219521385,368.91614964307735,192.12556832723712,375.78259124700764,237.9018456867726,378.0714051149844,243.62388035671452,381.5046259169495
1.1166666666666667,202.4703532233277,366.84093418843895,197.90222495899414,377.11922278318934,244.72553966841284,378.26125484927275,247.00960380057958,381.68735104752284
1.1333333333333333,211.63504902707786,369.3334135963375,202.51775201513294,381.86969698776176,253.8025477073233,380.7300348612686,250.38356132784395,387.56800762022743
1.15,216.59700325872217,371.53900482600335,203.85718889915097,378.4879944766786,262.9236009298903,379.64615941845767,251.34195151209826,381.9624893020161
1.1666666666666667,226.31401713689166,367.9047613143921,202.62294419606525,378.0580779314041,272.56801668802893,383.6988093852997,251.13323640823364,388.21139454841614
1.1833333333333333,235.9032609462738,375.70910438626015,204.76287032097753,376.86245218719705,284.34386858562357,381.47584339094465,238.2099565481476,380.32249559000775
1.2,242.81152143167077,377.08743385051457,202.65130900280712,377.08743385051457,292.15121098713166,379.382303132164,239.3692175091967,381.6771724138132
1.2166666666666666,252.52941881697538,378.44693099697986,203.4426915370673,376.16382740256563,303.89924969129777,379.58848279418714,237.6892454532822,380.7300345913942
1.2333333333333334,258.8135276849996,379.7668502625009,203.96553117856155,372.91085069919615,311.3761910036693,379.7668502625009,235.96019580731706,377.4815170747326
1.25,266.7932237913134,382.2393732169918,204.0769802274523,374.2573058543186,322.66769533002594,377.6781918668928,241.70672636576896,378.8184872044176
1.2666666666666666,273.61369879660816,383.5617371948343,203.06210067351032,375.59623418093605,329.3722198938951,375.59623418093605,242.889615743001,377.872092184907
1.2833333333333332,282.163723934573,383.7439836365585,201.29186541944497,373.4926212895705,334.5595759302897,375.77070181112333,241.1582745466208,376.9097420718998
1.3,289.52257474043154,382.7891753515546,201.99848194840806,372.5590865836558,337.26298899062624,373.69576311342223,242.91883702000345,375.9691161729553
1.3166666666666667,295.56047503252034,385.2243161105149,201.98793660950892,372.8231363195133,342.91043423452606,375.07789628151363,243.700995906514,377.33265624351395
1.3333333333333333,304.1431574821472,388.1345429420471,201.26667404174805,380.22096729278564,352.7551221847534,372.30739164352417,244.22608470916748,381.351478099823
1.35,306.9710905214306,384.8619680789998,200.95810200017877,374.49113224539906,351.9113791337004,374.49113224539906,245.89839061244857,380.25270770851057
1.3666666666666667,312.6696487529143,383.9108017391179,200.56790155255499,374.8520746926242,356.83094310457113,373.7197338118126,246.9938776658351,379.38143821587107
1.3833333333333333,315.9891270552451,384.0916003074896,201.8600307705516,373.9216808365764,360.0587780958693,372.7916897842527,247.05967286349954,378.4416450458712
1.4,319.18212423288037,384.27147193007625,201.14137191037014,373.02949551840857,364.15002987955097,370.7811002360751,247.23347519820743,378.65048372424246
1.4166666666666667,324.28163404071205,383.3262237181186,201.624425584309,372.07326881386143,368.16815816731497,369.82267783301006,246.63624520133766,377.69974626599003
1.4333333333333333,325.19923339081504,382.3858217494352,202.05135653941673,376.78819098346264,369.98027951859626,370.0710340642954,247.9519288203925,379.02724328985164
1.45,328.59935676623985,383.6857403003612,200.8487405545398,375.84140421718666,373.42413438438024,371.35892645537274,246.79413761313367,380.3238819790007
1.4666666666666666,331.86819491920335,383.86466733016016,202.1460983149477,376.03660977645507,375.48165843270317,371.5634340314808,247.99614970093464,380.5097855214294
1.4833333333333334,333.58931918045323,385.1631551135523,202.62115482106688,371.73052287156395,376.12598794674966,372.8499088917297,246.27720960752904,379.56622501272386
1.5,335.80836296081543,388.3584899902344,198.4927215576172,378.14492988586426,380.06712341308594,371.3358898162842,248.4256820678711,384.95396995544434
1.5166666666666666,336.844292356167,386.2747175958939,200.94609272526577,373.81738262972794,378.74623724236153,373.81738262972794,245.11300760530867,382.87726260512136
1.5333333333333332,338.14474235202465,386.4544332326128,201.11156935384463,372.9757604786935,379.7039833432759,376.34542866717334,244.91725580408252,381.9615423146397
1.55,338.9009158570485,386.6348728214816,201.3157293445936,371.9741562258921,382.88306564381685,377.6128933780419,246.4256265617919,383.25163053019173
1.5666666666666667,337.39101182665837,386.8160392788115,201.51616882929892,373.22855497907557,382.6826261591115,378.89000677063217,246.80778316175207,383.4191682038774
1.5833333333333333,339.4117741604611,388.1227620629271,203.10706995529546,371.22548468212153,384.47118050927605,381.36385111060486,247.03999114539016,383.61682142804557
1.6,338.03309493666575,388.30427578479123,203.03226430022417,371.28736436002976,384.54598616434737,381.4975112148867,247.27623400460416,383.7664327381882
1.6166666666666667,338.07630193833023,388.48596676614943,204.07920318670853,370.3168686303362,385.77018454483965,381.67255496521943,247.23081125926467,382.80812359870777
1.6333333333333333,337.1099873699651,387.5282465892976,204.8533915189878,370.426100574085,383.8558531448796,381.82753125089334,245.898541955498,384.10781738625496
1.65,336.45237311278845,387.71029091699864,206.74578962583064,370.6436351950305,384.2390091342992,383.15918272447374,248.84354040668535,384.296959772605
1.6666666666666667,337.080411195755,391.3356935977936,205.3033356666565,366.1261661052704,386.3535785675049,383.314480304718,244.2635145187378,389.04391837120056
1.6833333333333333,338.1383150067122,388.0881261273462,211.20874133781763,361.7874036554131,383.878701914422,383.5140874365752,246.6575411912927,384.65759710926795
1.7,337.72778498383764,387.12370860676094,214.87936271881472,359.56892230432595,385.9486610130989,383.6793603189566,248.17472950092372,382.53124422302176
1.7166666666666666,337.1896055638681,388.4557026711854,216.5196887425966,357.42629548857263,385.45757229237677,383.8587534589464,248.698333228269,381.5602788528269
1.7333333333333334,337.80013788111864,388.6397602080035,221.6138177646553,357.5800508699391,384.964881690772,384.03832178754953,248.07208868226573,380.5872429722091
1.75,337.8338398226747,387.67251448534455,226.1399885156341,356.58247339987963,385.04464295245475,384.21806547584845,251.47261458527217,379.612133463187
1.7666666666666666,338.9160258140529,386.70727598647534,225.15577416161017,356.8308462595712,386.0288573064786,384.40908908440576,252.73401698644477,379.81271528026673
1.7833333333333332,337.89654202473145,385.72889136477517,234.06152894752302,356.88583217666184,385.1991590932376,384.5751689972506,251.36736446039112,379.9602795271525
1.8,338.4135482272684,387.06922043847277,234.7940130824711,353.68070355848255,386.7693312948404,383.61523593364626,253.21526377487953,380.16125142881975
1.8166666666666667,338.6091840683621,387.2465856909586,237.7344535044267,352.4621958413257,388.4668095195025,383.7681467059953,256.2861280908976,377.9707483977232
1.8333333333333333,337.7206768989563,393.1349960565567,241.29992532730103,342.62888634204865,391.6703831354778,386.2477992773056,257.37005058924353,382.80420088768005
1.8499999999999999,337.5452469218484,387.4721711331222,247.45485041266272,355.8820320974337,390.19547864799586,385.1321608341823,265.0049276547119,380.4521402363025
1.8666666666666667,338.6132765248435,388.8344158982154,252.4767890193109,349.25819190918696,390.9935729809107,384.1783895465651,266.44486807426216,377.19435001908937
1.8833333333333333,337.99745565667786,387.8586794188214,257.8476734207402,347.2029927774037,392.5922348608673,382.0507241843331,271.78676598351194,373.91958685604965
1.9,339.13012036402876,386.8849677831956,261.46502561768915,346.3136496321228,392.4524242197245,382.24824570878735,278.8527333967204,374.1339820785727
1.9166666666666667,338.5618502269796,387.0694857759028,267.7827858465155,348.7791722586026,391.9362266450345,383.588548183421,282.8668487472702,375.46636046763007
1.9333333333333333,340.31251708257355,388.41562961049556,274.11011511618295,345.4421406147683,391.4161256180329,383.76984701636286,286.88601725004776,375.6397274766307
1.95,339.7173328989135,388.6010752780104,279.44749095659796,343.3986938212737,390.7148914654883,385.1239690121075,294.5149514421768,374.6926502143991
1.9666666666666666,342.06341753844805,387.61889462624055,283.87819814340673,339.90701472230654,389.77529744238194,385.29148585043873,300.17005957401835,370.1633288077281
1.9833333333333334,342.65095188273006,387.8029962969826,290.23311507420897,344.70388603219857,389.24458460141557,385.4733146610484,313.5299314335516,370.33038402747553
2.0,339.19070863723755,388.82406425476074,299.044070482254,346.383332490921,393.1019084453583,386.52997064590454,325.42614698410034,376.20654940605164
2.0166666666666666,342.55497787185595,388.93482036099886,301.51150929910364,340.85532860434614,391.80714015915873,386.5894792996987,319.10156725885463,370.1720918705978
2.033333333333333,340.82603321008946,389.1335101432917,304.6596257920304,343.63383629476584,392.15899857765703,385.6335352318665,324.49281695677246,369.3003189785495
2.05,339.09541410512367,386.99373462879936,309.9894826059986,347.4096677899893,390.3218535435838,384.6652601088693,334.43846506526376,373.0228875092194
2.0666666666666664,335.0519919514049,384.86081558612926,312.97738838645574,355.81528457961707,389.6575902436477,382.53717310560813,375.71573536052193,374.40442442378475
2.0833333333333335,335.1353843939431,386.21353177138377,324.73260265894476,373.49902076194127,383.6816991572689,385.0576671341617,383.6816991572689,375.8107500363854
2.1,335.54964447388505,387.5392769046037,330.8934514772631,366.58640841980474,383.2756226892604,384.0471321571371,385.60371918757136,371.2426014164267
2.1166666666666667,339.8237420430195,385.41494568818837,336.3601585379944,366.94250032805473,384.8503276083451,384.26041785318,388.3139111133702,376.17872300812155
2.1333333333333333,340.4585068585562,385.6040785439722,342.7627707870701,371.7784949728884,383.0873895360649,385.6040785439722,392.30444525012086,377.53915479417327
2.15,340.3331956305101,383.46633368841725,350.7441537181718,367.2715099964992,385.44734734371036,384.62310680926856,395.85830543137195,376.5256949633096
2.1666666666666665,335.1962962150574,384.34540367126465,361.3252704143524,365.03268361091614,389.72632932662964,386.6174883842468,401.0867528915405,379.8012342453003
2.183333333333333,338.93918967229547,382.1920265092049,372.11767280101776,363.8866565071512,386.9907859276864,385.62428338458994,407.58432717999676,377.61568400869146
2.2,340.2959757865682,380.00762181405935,376.121972488967,363.8281394323308,385.3673909928119,383.4746537530011,413.10364650434644,376.54058987511746
2.216666666666667,338.8838261402137,382.53072835002837,382.4403899076408,371.0684747270213,381.2941645453401,383.67695371232907,421.41205222586507,377.94582690082547
2.2333333333333334,339.74601372352635,382.6829614059589,389.38266500235665,373.4482355866416,381.30227991045405,384.9916428607882,428.63024973445505,380.3742799511296
2.25,339.2622671760148,381.7249093300687,388.795912708783,374.8132378603801,386.49202221888686,384.0287998199649,429.1139962819665,379.42101884017245
2.2666666666666666,339.35549711954513,384.21990011145465,400.28189799904794,376.1730169764261,384.1881317289906,384.21990011145465,442.81542314134254,379.6216811771526
2.283333333333333,336.8387412422652,384.3906774687253,410.7066137708489,374.0030078943933,385.31453258914826,385.54486297698446,455.71984859295446,378.6197499274297
2.3,339.84156787038125,385.73633491371834,417.011521179857,377.6738024783999,391.67213352599936,383.43275421791304,465.3867157917673,379.9773831742052
2.3166666666666664,338.64141132622876,387.0709044916349,425.4615455828048,379.0743131785292,392.33281014279555,385.9285343040483,473.44109346143887,377.9319429909426
2.3333333333333335,336.17913818359375,384.73193085193634,433.37501780192054,376.72756457328796,389.922742207845,388.16237354278564,483.6881790161133,372.1536409854889
2.35,340.2109159208485,387.1305607021786,437.8227556714555,381.3203321455949,394.82706435273576,384.8064692795451,486.62867554675904,378.9962407229614
2.3666666666666667,338.96560350634047,387.34702576021937,443.20147262478906,380.47433109306894,392.8017117323524,386.20157664902763,491.3103352948423,377.0379837594936
2.3833333333333333,339.23378849111407,386.3717440768012,449.6398698139901,379.47136399412136,392.13670245832554,386.3717440768012,494.49234035140853,377.17123729989476
2.4,337.6733692890677,386.56253217356954,454.73639687578867,379.6764717272918,388.1711458951042,385.4148554325232,498.34811303554756,375.0857647631066
2.4166666666666665,338.9853801142507,385.60762926012075,458.0960692301627,378.73585873420274,385.9424787080236,385.60762926012075,500.47198747332357,376.44526855889677
2.433333333333333,338.3333224618076,385.7865816175664,462.14598476960737,378.90810037824417,385.33627759717604,386.93299515745343,505.70969928531485,374.3224462186961
2.45,338.25159571531185,383.6706425644546,465.62776807922546,377.9329771426568,381.85785292097603,387.1132418175333,505.7914260318107,373.3428448052184
2.466666666666667,338.4254346505768,382.7230032436913,468.9727317659224,378.1423963273634,381.941200355692,386.15845843093723,510.1981940128737,373.56178941103553
2.4833333333333334,338.3415612329194,384.0448483059715,472.4551560670566,379.45976814070184,379.60728272034623,386.3373883886063,512.5746075131659,372.58214789279737
2.5,337.80990409851074,379.53397965431213,473.4421615600586,379.53397965431213,378.4995813369751,386.3155925273895,519.7831828594208,376.14317321777344
2.5166666666666666,339.41810884396546,384.22945184865966,477.4455648625735,380.8353340777103,383.5416398663074,386.4921970292926,517.0436055236496,375.178471126128
2.533333333333333,339.3589990455456,383.23231926783876,478.3637002361604,380.95355367455,382.6555453180322,386.65046765777197,517.1027153220695,375.256639691328
2.55,340.68044386377295,380.0173737912232,479.3966831500615,381.1543921460288,382.7501229915817,386.83948392005703,519.1923255682591,373.1952636623893
2.5666666666666664,340.29833796401954,379.085496199162,479.8613727804192,381.3548138384531,383.41537311054947,387.0281079366807,521.8437491073036,374.5468609205799
2.5833333333333335,341.07190601916113,379.22206524166324,481.1971454435858,382.6397540081126,384.3626303941867,387.1966723633785,524.4878698186112,376.9436060640304
2.6,341.5525185019431,378.2530525738321,480.6742568627813,383.954763162391,384.88551897499104,387.3757895155264,524.0072573358293,379.39339469154385
2.6166666666666667,342.6048850070579,376.14052425615705,480.7210287074531,384.1307143875848,382.55583566419705,386.413625853707,526.3792580298978,379.56489145534044
2.6333333333333333,342.5081845335784,375.2509913704316,481.05181678243935,386.6070268006662,382.25430853939906,386.6070268006662,527.6115620464006,380.92900908554884
2.65,344.12287082131496,372.00941992877387,481.66508705518544,385.64997029907505,382.7710968705016,387.92339536079186,528.2703008203812,382.2398327064997
2.6666666666666665,344.6200706958771,372.94224858283997,482.49817395210266,383.2831063270569,381.38756489753723,390.17701148986816,530.7555100917816,383.2831063270569
2.683333333333333,344.81320439153933,368.57983947885805,480.1119839998137,385.77883688668953,382.6509986887686,386.9254367138783,528.2691767417418,382.33903740512324
2.7,345.84335267377924,367.846418690959,480.7563865394104,385.9859862695313,378.7213189099415,387.119709243192,528.3727514331626,384.85226329587044
2.716666666666667,347.4564721782945,365.73950968814995,481.36642692855804,386.1664519381902,379.23171567835703,387.3012820631924,527.8944620536495,383.89679168818566
2.7333333333333334,349.9415451290288,363.5561530475055,482.1121289015666,387.4835863166718,381.8447894879172,386.3441847324258,527.6881922714073,384.0653815639338
2.75,350.12597463350994,364.9247701848322,480.88524152673335,386.5284751497996,381.9630135292514,386.5284751497996,527.503762766926,384.2544009429609
2.7666666666666666,353.7140539988045,362.8817954381002,480.7979372862486,385.57534602514374,382.0809922326091,386.71002355449593,527.319715989688,384.44066849579156
2.783333333333333,356.4687496413529,360.76868015638667,481.40516705781596,386.8917492525563,381.45603312464544,384.6201780268024,529.1081627986473,384.6201780268024
2.8,359.7951373884406,356.3774933972267,482.57977346800806,387.0736524171186,384.8068225157599,384.7998628600896,529.192459387103,383.6629680815751
2.8166666666666664,363.69544144793423,355.3915924564837,483.18596931670805,386.11772819416836,388.73155204901065,386.11772819416836,530.9821804642177,383.8417181395251
2.8333333333333335,370.2159502506256,350.59164476394653,482.1339089870453,382.5682044029236,391.91433000564575,388.2783043384552,531.2407684326172,383.7102243900299
2.85,370.4649306823849,354.0631513214321,483.9803512147337,382.7286615568737,396.83720009899116,386.1685227851267,528.6985471820226,383.87528196629137
2.8666666666666667,375.6609743174938,349.95872054924416,484.83625744075766,382.9387539927302,399.5430675007078,386.35048159033215,529.1887162095836,382.9387539927302
2.8833333333333333,379.7923632052148,350.2158217663161,484.2015561640554,383.127415198994,405.894661444925,386.532062795478,528.4619749183464,383.127415198994
2.9,386.89937111322354,346.8334783797537,484.8924325297643,383.2960128603271,416.52518037868936,385.57492126536295,528.1916922254452,383.2960128603271
2.9166666666666665,390.6624074895565,346.079869631067,482.4850017024719,382.3554624065397,419.00271434539457,384.62268695500677,526.6958803975792,382.3554624065397
2.933333333333333,395.1348621652434,345.0890659343492,482.50824961043946,381.40008409339174,425.77228373693555,387.07368068074214,525.6275836743025,381.40008409339174
2.95,399.99883541145465,343.9629345804635,483.16702952668555,382.6988058122149,430.7596743307866,386.11667680325183,527.5993524101652,381.5595154818693
2.966666666666667,404.6789377303989,344.2323200015914,484.26376335787535,381.7508806545446,437.64979406178196,388.57243713689974,527.466954412791,379.4770284937595
2.9833333333333334,405.3892389608003,346.3915358168682,485.53753137128376,381.8857795986537,443.17343395431396,387.610657627974,527.9016287882536,380.74080399278967
3.0,414.43042635917664,346.8421037197113,483.73237013816833,388.4232699871063,445.6163010597229,381.49307560920715,534.5537955760956,387.2682375907898
3.0166666666666666,419.33480219822377,342.6427037084941,485.9832169612637,384.01068528555334,452.6590095797437,387.4580170836416,528.5003091376857,384.01068528555334
3.033333333333333,425.75506490975135,345.2126323328746,485.3848153722888,383.0545893571773,459.0101180523203,386.4947672684775,526.6669503078917,383.0545893571773
3.05,433.99967748379765,350.17020642575415,485.33778168990784,379.8322221892846,467.08423352773536,386.6773027500992,524.1265715345245,382.1139157095562
3.0666666666666664,441.83394683089705,350.20641494109054,483.06987525816817,375.4061489799785,481.9244328018551,383.4242461741701,524.3058036854393,381.1333612615439
3.0833333333333335,449.23010456638747,353.1196587859738,476.32809626969265,370.0559036005395,497.7806730348093,382.4758164645543,523.7495817504768,381.3467334769167
3.1,456.53496276277406,356.66237718370803,466.7066332324596,369.0944188688792,500.61220146474454,381.52646055405035,520.9555424041155,381.52646055405035
3.1166666666666667,466.111740612759,359.0816807502825,469.50560852663506,367.00070588266027,509.10073418852386,381.70746684279044,524.9387844532794,379.44488823353964
3.1333333333333333,470.7049795728597,361.56714765758824,475.2207462063131,370.598680924495,513.6047625906672,381.8880975081286,529.4099458077542,379.6302141914019
3.15,469.538553523496,359.46802176156893,472.92868594485077,370.76846316608487,512.4802308606568,379.8088162896977,528.3008488269791,383.1989487110525
3.1666666666666665,485.70809292793274,366.06562519073486,484.5643243789673,377.5033106803894,528.0275292396545,386.65345907211304,528.0275292396545,390.0847647190094
3.183333333333333,487.4814088874555,371.2163534060528,482.9996009746392,377.93906527527724,533.4199399938225,379.0595172534813,530.0585840592103,382.42087318809354
3.2,499.2856823223801,374.77288572895816,483.6319068212258,381.48164665802426,541.774501539799,380.3635198365132,530.5932333246888,382.5997734795353
3.216666666666667,509.1672918955924,375.9275918947276,484.1691318174987,378.2001519018271,553.4822120340314,381.6089919124763,520.5300919310896,381.6089919124763
3.2333333333333334,517.1445545377007,378.41597852359513,486.62228710836547,376.15506982512585,561.2322741578519,384.06825026976827,526.1881893315779,381.807341571299
3.25,524.4776043568327,379.62536596459756,485.535439152485,378.4800081644696,571.4372741620755,385.3521549652369,519.8961731563211,381.91608156485336
3.2666666666666666,530.7862999937187,383.22236549143963,485.93740493316955,377.4725071503435,581.3850533953638,384.37233715965885,520.4365549797458,382.0723938232204
3.283333333333333,539.416702601399,384.552020232818,487.6174416672086,377.6454521082594,587.76267947331,384.552020232818,520.9991876025757,384.552020232818
3.3,547.9967982805533,385.8981490298818,485.0111789398665,379.0269905563522,598.385293753103,383.6077628720385,521.6573574653571,383.6077628720385
3.3166666666666664,555.3700970787272,384.94699012985944,484.73214996214114,382.6683466744856,602.0822879138891,381.52902494679876,524.6084104311817,383.8076684021725
3.3333333333333335,565.5172777175903,385.0439896583557,482.7809114456177,379.29840886592865,618.376622835795,381.5966411828995,520.7017459869385,388.49133813381195
3.35,571.4338507421247,387.62080409089685,483.62297242036345,381.03498821676476,619.7298338190934,382.1326241957868,519.84495972809,384.3278961538308
3.3666666666666667,577.7941635214455,386.66693805883415,483.54311511524907,380.9891640584608,627.7585747247305,380.9891640584608,526.694197518086,383.26027365861023
3.3833333333333333,585.1140007739778,386.84824978716637,481.9929552850203,383.448654880937,632.7083294611887,378.91586167263114,528.4540856701549,383.448654880937
3.4,590.2454856633609,387.0297385777333,482.486516264245,383.6268237546033,637.8862931871807,380.2239089314733,527.8587139059781,383.6268237546033
3.4166666666666665,596.4088379016081,388.34280178035954,483.21373422693534,381.5510955598792,642.8188304082239,378.155242449639,528.4917756968044,382.6830465966259
3.433333333333333,601.5402018787354,388.5240908135885,483.70233027990616,379.4596391521401,646.8624601859774,378.32658269445903,529.0245885871482,382.85880852518324
3.4499999999999997,603.726370136805,388.70500363666554,483.87162484829014,380.7900676270466,650.0852810502872,379.65936248281525,532.4919460502349,383.05147791550905
3.466666666666667,613.2411600681507,387.7571823200839,485.7366258137262,382.11538876900323,657.2471497665804,379.858671348571,535.3844090632367,383.2437474792194
3.4833333333333334,614.4113914648785,389.0673566427861,487.9118016867406,381.1611322816525,652.8130526475277,378.9022110356143,531.9607659844851,381.1611322816525
3.5,620.7689342498779,390.81263160705566,484.17455291748047,385.07337188720703,662.0916042327881,381.62981605529785,532.384334564209,385.07337188720703
3.5166666666666666,623.2254943428561,389.85632185149007,487.748278971063,383.02553788316436,657.3794141844846,383.02553788316436,534.425302754622,385.30246587260626
3.533333333333333,625.6340294371565,387.7786806501865,486.7482317413252,379.87461086261897,662.8960727214039,379.87461086261897,534.172650466731,383.2620693430051
3.55,625.2184537812985,386.8379496879211,486.34864506592476,376.7586893779343,664.415577209025,378.9985250023758,534.5051109914173,381.2383606268173
3.5666666666666664,626.9486393076005,389.25933448895313,486.8222040626939,375.8071967054421,667.3050526581336,380.29124263327907,532.7836748230234,380.29124263327907
3.5833333333333335,627.7123557481297,390.5649461282809,484.7703917872426,377.05861882489,669.3568649335849,381.56072792602026,533.1680646243933,382.68625520130286
3.6,627.9163850454679,390.74575592982774,485.5286663273164,377.18502081381337,670.8587129128468,382.83532711215275,532.9912392333669,382.83532711215275
3.6166666666666667,631.3584368705694,392.05790713856317,485.438173140507,375.09043461181176,677.7361951103567,383.00858845762906,534.0782610505278,385.27091812786256
3.6333333333333333,631.5589314189812,391.1039010538681,485.05085412652954,375.2037996422843,679.2592356537328,385.4252934068739,532.7511583612812,384.289571877475
3.65,632.0230910479396,390.15187471812806,485.8190466307286,373.15140443705707,680.7577725203432,383.3516866056998,532.2869987323228,382.218321920295
3.6666666666666665,632.3342801729838,392.32708847522736,484.2665259043375,378.55334436893463,683.9858223597208,385.440216422081,533.6224439938862,388.8836524486542
3.683333333333333,631.792878894407,390.2388328380184,486.5229215233509,368.6753235407523,681.7294267407075,383.42930358625017,529.6499401178831,382.2943820442888
3.6999999999999997,631.6939611721218,391.55260981341144,487.8580336937466,367.7687162933652,684.9245800027015,385.88977802292425,528.6304225852546,382.49207894863184
3.716666666666667,630.7393260765818,389.46029300879155,488.59823880620434,367.85484774369417,680.7729887957548,386.04890691430234,530.6720006382361,384.91177821613934
3.7333333333333334,631.2111400957538,390.77662497225344,490.4997922774122,365.811708423838,680.0062042585657,386.23754923617787,531.351473902092,382.8332424341213
3.75,629.5522054334235,386.4148568821183,492.11107550989607,369.37670028002816,677.2590439192759,386.4148568821183,528.4591429276885,385.2789797753123
3.7666666666666666,631.0172539576558,385.47143551557684,495.41083178281707,369.6506862618456,677.3494482007256,384.3413819974531,527.0523302902795,384.3413819974531
3.783333333333333,629.2330605734503,387.909630819878,496.1634650829736,363.1000452199586,677.724523336929,383.3987970744381,525.4838844283329,382.271088638078
3.8,628.8372888748987,388.0907910130237,498.6284000514138,362.0490132483268,677.5240907828105,383.5617861843808,528.066931437593,382.42953497722
3.8166666666666664,628.8770945814006,388.2721281204206,501.9411194036147,361.0715620108949,678.7447991155307,383.7387004354996,528.00832859191,381.4719865930391
3.8333333333333335,630.4862887064616,389.13631439208984,510.60100301106775,351.7321068048477,678.4404029846191,387.2181499004364,532.6598955790201,385.29998540878296
3.85,628.7652778152648,385.52968747986597,508.90926595428994,361.558485107671,681.2736258686442,384.3882016526186,535.1634399809797,382.10522999812383
3.8666666666666667,629.0559442502791,386.85231729825364,510.1802000644368,358.54856868257696,681.1348417031244,382.3237175197454,533.9553489016052,378.9272676858642
3.8833333333333333,628.6221284939089,388.1709016026588,512.6776465548365,356.34300459977624,682.0475270344618,382.48734856642966,535.4118586997528,379.07721674469224
3.9,629.3186967615327,388.35350794532667,519.7548911607894,350.69094977007114,682.95930992023,383.78834937862894,539.1568150692544,379.2231908119313
3.9166666666666665,628.7748009166723,387.39388843216096,525.9584245060626,356.5489755089781,682.4677974866572,382.82427170280056,539.667274694144,378.25465497344015
3.933333333333333,630.5140666591217,388.7203714134132,532.1713628766213,346.41013839070956,683.115977984645,384.1462921677155,545.8936006137144,377.28517329916906
3.9499999999999997,629.3917645004482,388.90351325821166,537.8208421012268,348.8412347085523,683.1896814099908,384.3249671382506,549.2672074011296,377.45714795830895
3.966666666666667,629.9830855203359,389.08683395246794,540.6142470704123,344.4024147275061,683.8335394581104,384.5038165960616,554.3632991396312,377.6292905614521
3.9833333333333334,630.5738651014351,389.27033367083965,547.9989918341529,345.68915055755184,684.4769073731333,384.68284071154625,557.1739777527398,377.801601272606
4.0,630.5772175788879,390.8581941127777,551.4117212295532,344.51741576194763,680.7797274589539,388.9273283481598,562.9969158172607,384.100163936615
4.016666666666667,629.8842555002775,387.59490840585204,557.4944669311517,350.82549198978813,685.0383801243734,385.29681987984804,570.1339538241737,376.10446577583207
4.033333333333333,630.4677545400832,387.7766907990223,560.3076055711381,346.3707012435792,686.8259069905473,385.4763580459421,576.4099348426992,375.1248606570814
4.05,630.4955539715475,387.9521922602863,565.8267755249699,349.8438049614102,685.9259354971853,385.64259303005144,580.8391705214968,374.0945968788768
4.066666666666666,630.5000649075439,386.97895781903014,569.2359154043645,349.9892826472991,685.9845776651405,385.82303046991353,581.951116244647,371.95190228051445
4.083333333333333,631.0814150880079,388.3177564870499,577.8568306047584,353.606070954496,684.3059995712573,387.1607003026314,590.5844486333616,370.96191372077294
4.1,633.3977873322049,389.657862575644,585.912156326164,350.27953442429293,687.8325350708374,385.02511808724967,603.2849481576422,367.6523262557713
4.116666666666666,631.0757598823335,388.6829051173931,593.9776106588639,348.1068044042233,685.5636665543045,385.20495362769276,605.5707822911983,364.3372446894911
4.133333333333333,631.6227277578093,388.85513277701887,595.5391225703773,352.771527589587,686.3301291710126,384.199183720576,603.6870334191523,369.06734928713695
4.15,630.5444197320114,389.0493674681857,601.6827360134462,364.8055531445909,683.6499177741716,384.4314980732153,672.1052442867456,368.26895519081864
4.166666666666667,631.8958179155985,387.6581120491028,610.4367492993673,367.17445480823517,684.5680772463481,386.68269979953766,676.7647795677185,381.80563855171204
4.183333333333334,617.7813924077783,382.50481100403704,609.6966155833799,373.2650660618674,675.5297982963385,381.34984288626583,683.614575120737,370.955129826325
4.2,619.7972290957534,382.7258791203292,616.3606631935717,373.5617033811777,677.0733274654498,381.5803571529352,680.5098933676315,365.5430496094202
4.216666666666667,625.4002466386621,382.89144284217906,620.7997006514477,369.08980488053595,677.1563889948238,382.89144284217906,679.4566619884308,364.4892588933216
4.233333333333333,625.3631816929643,386.5249307007335,625.3631816929643,376.16359360794723,680.6236461878244,383.0711516698047,681.7749058648006,372.70981457701834
4.25,628.4203720021612,385.5130813752659,634.2349922578853,373.8838408638176,677.2631821502443,386.6760054264109,683.0778024059684,375.04676491496247
4.266666666666667,631.0791127924313,381.11250976132095,633.3859384554078,374.1920327723913,677.2156260519614,384.5727482557857,682.9826902094026,377.6522712668561
4.283333333333333,633.148835524716,383.63067241893407,635.4367943274118,377.91077541219454,681.1959703813283,383.63067241893407,688.0598467894157,375.6228166094987
4.3,636.0918733522803,383.81807724762166,633.8086625109672,381.5348664063083,689.7473281231423,382.6764718269651,692.0305389644557,376.96844472368184
4.316666666666666,633.7651833982663,381.71324225328607,637.1933442073671,375.9996409047848,697.7575185014801,385.1414030623868,702.328399580281,378.2850814441853
4.333333333333333,632.5998754501343,388.1774377822876,683.1310176849365,379.59667778015137,681.2241821289062,390.08427333831787,718.4074754714966,382.4569311141968
4.35,635.3680690353503,387.35378817107994,682.7276307197753,382.733343128697,685.0378532409668,388.5088994316757,713.9156347558601,382.733343128697
4.366666666666666,631.9478567871802,387.5754477049736,695.9076306893071,381.86475360656937,674.2069931153712,391.00186416401607,738.1667670174982,383.00689242625026
4.383333333333333,631.151343227996,386.59378273556774,703.3959456313307,378.5666046907528,678.167671776198,390.03400189763136,746.9720550174691,382.0068238528163
4.4,630.342382187242,386.7549030259135,709.7861639234939,379.8467480923263,677.548107566754,391.3603396483049,754.68917099181,383.3008255591198
4.416666666666667,630.471404123868,389.2486244001533,717.7931135199793,381.2058353768273,678.7281382638242,390.39759426062847,758.0070586366095,382.35480523730234
4.433333333333334,631.3698783580236,390.5922683531992,723.9592891725586,382.5907143321899,681.6653607757956,391.7353474990575,761.6809009858877,383.7337934780485
4.45,632.645795803059,389.6411907826215,723.9023584729114,381.65624154900934,681.6961982381047,391.9226048493679,760.4049835408523,383.9376556157557
4.466666666666667,633.5337705042089,388.6607564293525,733.1750590059173,384.0795477626072,681.6364615050336,390.9513607627251,775.5512391733105,384.0795477626072
4.483333333333333,634.3976403879924,388.8262883831313,730.990568484131,381.9267935191215,682.6941044360617,386.52645676179475,771.2376218575218,383.07670932978976
4.5,634.7541584968567,385.5006160736084,742.8703886667887,379.5492641925812,675.4217313130696,388.476292014122,781.5541774431864,378.55737221241
4.516666666666667,632.406167140541,387.1744337901473,750.4839331394372,381.60472784680314,681.4195794419696,389.40231616748497,781.6742864221645,379.3768454694655
4.533333333333333,633.0165775404354,386.0933995555383,753.7320670717777,381.53809806378945,680.8472432037973,387.2322249284755,784.4803521410818,380.3992726908523
4.55,631.0519925587034,386.324723459416,757.1680055382712,381.8205801387173,679.4715332562159,387.45075928959074,788.6970087831633,378.44247264819313
4.566666666666666,631.8650421113748,387.6180426886779,760.7502345141237,384.2263270991319,683.8713478177472,386.4874708254959,795.797962272766,378.5734677832218
4.583333333333333,632.8476680471482,386.6848240682144,762.1968475841767,382.1857221712744,683.4625643877246,388.9343750166846,795.9401118112276,378.8113957485692
4.6,633.0838269601954,384.5887764132252,762.9540664245583,381.2008571228505,683.9026163158157,389.1060021337248,797.96256575843,377.8129378324759
4.616666666666666,632.1279418544233,384.78315166548066,763.9826010040456,383.6561887667659,682.8412722965858,389.2910032603395,797.7914879654872,380.2753000706217
4.633333333333333,633.7391466236794,384.9570385189931,766.850633537298,383.82897507057265,684.5020018026017,388.34122886425456,800.692536989913,380.4447847253111
4.65,632.5284613406578,381.74359996524055,768.0282700864793,384.00193011100424,681.0825594745772,388.51859040253163,793.9990667627617,381.74359996524055
4.666666666666667,634.3364791870117,386.4124393463135,773.6069626808167,389.86542654037476,675.7723255157471,385.2614436149597,816.1938047409058,385.2614436149597
4.683333333333334,632.7969942958443,384.3589966444415,769.7868426930509,388.9253249243484,677.3186950249365,388.9253249243484,807.4590510022826,385.5005787144182
4.7,634.606914696828,384.65317141857736,769.640243042463,388.0290046272182,676.2421909367321,389.1542823634318,807.8996860737263,384.65317141857736
4.716666666666667,634.7867228702537,380.35508299497815,770.6627732510049,388.21568095088946,678.5814829103306,387.0927383857593,808.8428204654308,384.8468532554989
4.733333333333333,635.7915042426175,379.46846281538086,770.9709244822564,388.4059451452743,677.1273600183749,386.171574562801,813.4239655492504,383.93720398032764
4.75,636.2639077886189,378.520382719595,772.6936154733332,388.58486935207395,675.4035780260369,386.3483167670786,817.4246671732395,382.9934878895857
4.766666666666667,637.5678354187382,376.487910097647,771.4825135120248,388.7634222561982,681.0901057990563,387.6474666054209,817.2366951938977,384.2995996530887
4.783333333333333,637.4937289888039,374.3252011240457,772.356533465075,390.0591949796107,677.9525703316853,388.93533827564175,813.9392315119254,386.68762486770385
4.8,638.2375706695802,374.5372961514305,773.9420329679765,389.11711441489456,678.6124520145577,390.2386388966995,816.5599632765638,385.7525409694798
4.816666666666666,640.1664230162781,374.5481116341042,773.8471579111051,389.2756502242123,677.5517132834756,391.5414253919213,815.7639985137204,387.00987505650335
4.833333333333333,644.2417831420898,370.7092475891113,775.6236534118652,391.8998718261719,677.0872507095337,389.7808094024658,814.8263082504272,390.84034061431885
4.85,646.1114832395688,367.6072216387838,774.0260790064931,389.8532382939011,677.255906556733,387.62863662838936,815.18120981846,387.62863662838936
4.866666666666666,648.6257013206406,366.4380294426338,773.342024856661,391.1565800533766,677.8385338606093,388.90943908876363,818.2848441489207,387.78586860645714
4.883333333333333,651.7385621197652,364.0992692052937,773.178673728191,390.2032184295348,678.9774656581037,387.9333098013399,814.0370290356988,389.0682641154373
4.9,660.1797848308647,360.84735909048715,773.7860516228448,390.3849884564019,688.5813515288598,388.1128631205624,814.6843076679575,390.3849884564019
4.916666666666667,661.2415152734421,357.58894497361166,773.8215535812171,390.56693599306095,685.1221294599399,387.1554196807041,812.485405121261,389.42976388894203
4.933333333333334,664.0133722772321,356.6005825003052,774.4267867811633,391.8873438366131,690.1938726235251,386.1959307178538,813.1283959887269,389.6107785891094
4.95,667.713068705457,350.92695504754204,775.1426598375073,390.9273347243693,692.8561645023198,387.49873075206983,812.8573035328017,389.7844667336028
4.966666666666667,672.9959034474437,352.33293937504993,772.2190829802682,387.6883251855967,700.3678150427056,386.54782886912733,810.9959577402228,388.8288215020659
4.983333333333333,676.1862859655356,350.4322978085902,771.4968057720356,386.74106725868546,704.5525120984225,389.0103653493163,813.4788204487082,389.0103653493163
5.0,684.7441475391388,343.0087237358093,772.7048361301422,395.09071040153503,703.2621872425079,388.1464455127716,818.9999353885651,391.6185779571533
5.016666666666667,682.280340666679,346.2168011859467,771.2664498827362,389.5690082399233,705.0972917477193,389.5690082399233,816.9003520448168,388.42816068587126
5.033333333333333,692.0605459921142,345.7561171394618,772.1510523807024,388.6214585868752,719.1333932220595,389.74949388812297,818.4004997318589,387.4934232856275
5.05,692.5599825201446,346.6321621329358,772.3224884097615,389.9318081872993,717.6281986568813,387.6528794475959,817.9010632038285,387.6528794475959
5.066666666666666,705.0451292288709,350.19410104689587,773.4797569103922,388.973723399758,732.4189803014795,390.11430052778337,815.6811106473302,385.5519920156819
5.083333333333333,711.1207352024601,349.071345436496,770.669665580444,389.15235626783135,735.1693417012611,386.862012791755,816.4765351019698,386.862012791755
5.1,716.9440285485849,352.76575445662206,767.227021001261,389.3352035131138,743.2283200579383,385.9068176640677,811.7960370388604,385.9068176640677
5.116666666666666,722.045314914467,351.76915661703936,766.6578553817906,386.08649543805734,750.6430972653154,383.79867284998954,812.414307143148,384.9425841440235
